{"Adquirida - Edad adulta":1.3206309672,"Adquirida - Infancia":1.4269924375,"Adquirida - Juventud":1.4288492707,"Adquirida - Ni\u00f1ez":1.3694029851,"Cong\u00e9nita":1.4064539787}