{"Administracion":12.4478720814,"Contabilidad y Finanzas":9.0355058862,"Administracion de Empresas":8.0436028932,"Ingenieria de Sistemas e Informatica":6.4626838712,"Ingenieria Industrial":5.2053309877,"Computacion e Informatica":4.9351689691,"Negocios Internacionales":4.7152696515,"Turismo y Hoteleria":4.204789093,"Derecho":4.1498142636,"Ingenieria Civil y edificaciones":3.8019021291,"Enfermeria":3.4060833575,"Psicologia":3.30634331,"Economia":2.1377355082,"arquitectura":2.1031799012,"educacion":1.829091109,"Ciencias de la Comunicacion":1.6971515185,"Diseno Grafico":1.6484595267,"Ingenieria en Industrias Alimentarias":1.6060503727,"Ingenieria Ambiental":1.3335322899,"Marketing":1.1890270241,"Desarrollo de Software":1.1450471606,"Secretariado":1.1309107759,"mecatronica automotriz":1.0515899506,"Administracion y Recursos Humanos":1.005254023,"Gestion Publica":0.898445783,"Administracion Bancaria":0.7790718678,"Soporte Tecnico":0.7562965814,"Ingenieria Electronica":0.6706929185,"ingenieria qu\u00edmica":0.6290691191,"Ingenieria de Redes":0.6220009267,"ingenieria mecatronica":0.6165034438,"mecanico de mantenimiento":0.6117913155,"fisioterapia y rehabilitacion fisica":0.5992256403,"Medicina":0.5819478367,"Ingenieria de Minas":0.5536750673,"Gastronomia":0.5348265544,"Telecomunicaciones":0.5128366227,"Cajero":0.466500695,"Ingenieria Electrica":0.4154526392,"Agronomia":0.317283301,"Ingenieria Geologica":0.3078590445,"periodismo":0.2866544675,"Biologia":0.282727694,"trabajo social":0.263879181,"Ingenieria Comercial":0.2520988605,"sociologia":0.2395331852,"ingles y traduccion":0.2081189969,"Antropologia":0.1523588129,"soldadura":0.1327249452,"matematicas":0.1240860435,"zootecnia":0.1178032058,"historia":0.1044521758,"edificaciones y obras civiles":0.0958132741,"ingenieria agropecuaria":0.0918865005,"logistica y transporte":0.0769647611,"arqueologia":0.0526187653,"telematica":0.0306288335,"auxiliar funciones aduana":0.0227752865}